engine_id,cylinder,n_cylinders,mV_0,mV_1,mV_2,mV_3,mV_4,mV_5,mV_6,mV_7,mV_8,mV_9,mV_10,mV_11,mV_12,mV_13,mV_14,mV_15,mV_16,mV_17,mV_18,mV_19,mV_20
train_0000,1,8,36.54,30.853,30.151,38.282,46.675,52.82,57.832,61.61,63.124,63.287,57.697,49.396,41.547,36.033,,30.71,32.083,,39.5,39.596,39.303
train_0000,2,8,33.039,26.858,27.675,36.18,45.002,51.62,56.358,59.329,60.461,60.544,55.188,47.59,40.113,34.609,31.315,29.513,30.66,,37.939,,37.765
train_0000,3,8,38.912,31.902,32.575,41.89,51.811,59.472,65.191,68.415,68.904,68.583,63.237,55.083,46.332,39.431,34.972,32.312,32.739,36.085,40.671,42.016,40.649
train_0000,4,8,33.946,32.945,32.47,33.952,31.874,14.059,19.812,35.404,37.06,36.556,35.714,34.937,33.539,,,34.127,36.913,,42.653,45.451,47.646
train_0000,5,8,40.085,32.322,32.096,42.059,52.462,59.783,65.293,69.231,70.106,69.582,65.312,57.427,48.44,41.278,36.94,34.451,33.854,36.103,40.131,43.791,43
train_0000,6,8,27.441,28.087,30.246,31.911,32.345,32.642,34.446,35.967,36.305,34.96,31.743,26.653,22.25,19.603,21.096,31.594,46.362,46.274,33.088,24.976,22.702
train_0000,7,8,30.814,25.424,29.91,38.593,46.839,53.866,59.331,61.731,61.65,61.252,56.291,49.169,41.368,34.506,29.729,27.607,29.2,32.927,37.534,38.835,37.757
train_0000,8,8,34.441,28.227,32.125,39.942,44.98,49.46,45.74,44.274,44.116,39.339,36.419,29.427,22.699,15.278,11.466,14.358,20.142,23.817,28.575,28.278,22.153
train_0001,1,8,42.532,38.056,27.478,32.478,,48.817,55.722,59.518,61.562,62.004,59.401,58.463,55.695,50.622,45.509,37.664,31.452,20.678,12.401,21.007,21.454
train_0001,2,8,40.168,36.697,26.531,31.399,40.246,48.648,55.261,58.711,60.688,61.205,59.02,58.407,55.857,50.871,,39.481,32.975,22.488,10.544,20.504,20.025
train_0001,3,8,41.478,35.608,25.611,33.981,42.663,51.336,,60.95,62.849,62.996,60.094,59.083,56.244,50.49,45.832,38.745,32.715,23.91,10.069,18.344,20.087
train_0001,4,8,39.64,36.654,26.401,28.114,,45.412,52.449,56.397,58.874,59.797,57.335,56.057,53.139,47.849,43.472,36.544,30.57,19.847,9.394,18.837,18.925
train_0001,5,8,42.01,,27.187,35.993,44.725,52.882,58.919,61.931,63.535,64.004,61.862,61.066,58.29,53.406,49.567,42.459,36.182,27.089,13.615,23.079,24.625
train_0001,6,8,40.747,34.821,25.46,34.524,,50.757,56.699,60.215,62.651,63.019,59.79,58.26,,49.866,46.209,39.694,33.556,23.52,9.548,19.259,19.121
train_0001,7,8,39.07,32.136,23.922,32.82,41.22,49.997,56.194,59.077,60.684,60.922,59.007,58.023,54.02,48.389,43.005,35.402,28.605,16.645,7.481,16.699,
train_0001,8,8,43.589,36.573,29.153,38.858,47.559,56.212,62.054,64.747,66.281,66.493,64.669,64.002,60.416,54.875,48.953,40.68,33.637,21.979,14.316,24.17,24.581
train_0002,1,8,45.283,40.168,29.943,,45.143,53.352,59.481,62.82,65.46,66.795,64.608,63.689,61.142,55.974,50.91,43.207,37.465,27.8,,24.808,24.789
train_0002,2,8,49.207,47.505,38.3,34.749,45.528,55.107,63.713,69.109,72.237,73.98,72.885,71.43,68.566,62.484,57.037,48.682,41.044,,15.733,25.968,27.159
train_0002,3,8,46.986,41.495,32.099,41.016,49.124,57.349,63.564,66.744,69.099,70.607,68.968,68.105,64.225,58.268,53.725,46.015,39.104,28.3,15.229,26.456,26.896
train_0002,4,8,41.409,35.31,22.644,12.741,23.773,37.758,45.932,46.541,45.299,43.221,41.148,,35.743,30.622,31.783,30.932,27.51,23.737,13.299,16.994,11.305
train_0002,5,8,43.246,38.225,9.766,14.998,25.93,30.54,37.895,40.275,38.616,37.815,35.938,32.108,29.245,25.027,22.425,18.237,15.164,7.86,1.222,1,1
train_0002,6,8,45.773,42.734,32.185,36.187,45.851,55.08,62.377,65.901,68.067,69.291,67.228,65.98,62.37,56.709,52.363,44.456,37.235,25.304,13.708,24.598,24.668
train_0002,7,8,47.987,,31.734,40.615,49.413,58.58,65.944,69.901,71.811,71.767,68.997,68.291,64.87,,,46.018,39.257,28.046,15.775,27.908,28.586
train_0002,8,8,45.87,41.53,30.97,36.128,45.417,54.151,61.217,65.437,68.134,69.308,67.426,65.574,62.943,58.384,54.721,48.456,41.402,32.429,17.244,20.193,26.979
train_0003,1,8,36.322,30.31,27.351,42.365,47.544,51.126,54.371,56.936,58.929,59.262,58.051,55.603,51.482,46.266,38.814,29.622,29.391,32.289,36.041,35.61,34.604
train_0003,2,8,26.709,15.598,4.236,37.712,46.418,48.749,49.773,44.057,41.614,28.389,47.427,58.304,60.091,,51.133,43.287,41.814,43.233,45.876,41.692,38.984
train_0003,3,8,30.639,28.408,20.207,31.609,37.998,41.032,43.78,46.441,48.839,49.788,49.565,48.316,44.721,40.22,33.656,24.51,23.356,25.512,28.991,29.446,29.96
train_0003,4,8,31.834,24.028,23.874,36.701,41.475,45.248,48.314,50.362,51.683,51.35,50.29,48.108,44.171,38.66,30.677,22.557,24.089,27.671,31.49,31.67,31.106
train_0003,5,8,33.653,28.669,21.607,34.684,40.712,44.62,47.047,49.078,51.904,53.361,52.354,50.067,46.509,,35.001,25.598,23.925,27.313,32.125,32.775,32.224
train_0003,6,8,32.332,28.113,20.225,35.015,42.226,46.48,49.572,52.044,54.477,55.104,53.738,51.475,47.984,42.946,34.614,24.354,24.259,,31.565,31.968,31.647
train_0003,7,8,32.334,29.318,20.523,33.987,42.36,46.192,48.917,51.146,53.31,54.266,53.667,51.976,47.874,42.065,34.139,24.943,25.474,28.971,33.308,33.67,33.249
train_0003,8,8,34.15,28.041,25.272,40.531,45.664,49.04,52.037,54.359,56.018,,55.893,,50.24,,37.113,27.437,26.549,29.837,34.854,35.842,35.835
train_0004,1,8,40.684,30.778,34.111,41.977,49.84,57.033,62.023,64.678,,64.087,,,56.295,51.949,47.749,41.392,,25.12,14.841,24.008,24.582
train_0004,2,8,37.882,30.563,31.102,39.509,47.069,54.199,58.904,61.158,61.93,61.117,59.971,58.675,54.528,49.526,43.582,36.623,29.165,16.906,13.944,22.609,23.275
train_0004,3,8,37.985,27.469,34.01,42.511,50.937,57.886,61.766,63.891,64.736,63.263,61.286,59.199,55.002,50.827,46.33,39.547,32.552,20.867,11.255,20.739,20.298
train_0004,4,8,40.559,31.033,37.157,45.463,53.859,60.535,63.864,65.547,66.48,65.435,64.629,62.254,56.783,,45.209,38.482,31.019,18.074,16.67,24.677,24.955
train_0004,5,8,41.169,31.196,,44.569,53.193,59.969,64.179,67.533,68.969,66.774,64.789,62.91,58.36,53.443,47.071,40.14,32.843,19.479,15.062,23.363,24.016
train_0004,6,8,39.668,29.457,32.763,40.906,48.478,54.985,59.188,61.75,63.049,62.649,60.694,60.024,57.484,52.831,47.934,39.925,33.888,25.994,13.193,18.92,
train_0004,7,8,41.517,29.505,39.925,28.399,40.677,53.691,59.151,59.01,57.337,52.342,44.284,36.033,29.146,24.084,29.108,29.517,30.669,28.825,35.791,35.451,29.352
train_0004,8,8,35.765,28.418,30.396,38.581,,53.264,56.928,58.361,59.468,59.385,58.38,56.563,51.771,46.594,41.427,35.753,29.805,18.751,14.811,21.88,20.792
train_0005,1,8,38.372,32.425,23.601,27.057,36.146,46.136,51.708,53.383,53.93,52.457,51.067,50.058,46.03,,,33.405,25.59,12.343,17.529,,15.678
train_0005,2,8,41.74,36.505,26.593,35.534,44.629,53.717,60.298,64.034,66.822,67.492,65.538,63.42,58.311,53.268,46.844,40.123,31.554,15.388,,,25.579
train_0005,3,8,38.411,34.286,26.448,35.534,43.887,51.594,56.88,59.604,61.494,61.897,60.56,58.924,54.331,49.588,43.322,36.77,27.766,12.918,20.611,23.23,23.383
train_0005,4,8,37.13,32.23,22.955,33.134,46.447,53.816,59.306,61.159,57.885,,56.135,61.493,61.022,57.418,52.044,46.469,39.418,24.416,27.258,29.68,27.696
train_0005,5,8,38.897,34.503,25.12,33.018,41.326,49.612,56.006,59.797,62.107,62.215,59.569,57.855,53.981,49.423,44.377,37.763,30.39,16.631,16.466,23.797,24.046
train_0005,6,8,36.824,33.843,24.686,29.207,36.748,,51.078,54.781,57.363,58.413,56.405,54.813,51.021,46.256,40.239,33.626,26.096,11.876,16.04,20.647,21.996
train_0005,7,8,41.287,33.701,30.454,39.409,47.386,54.355,58.746,61.915,64.565,,62.766,60.369,55.665,51.545,45.737,38.986,30.521,16.07,19.215,24.414,24.473
train_0005,8,8,41.611,36.705,27.247,35.591,44.67,53.574,59.933,62.936,64.837,65.67,63.528,62.113,58.347,53.309,48.324,40.7,33.151,20.249,15.034,24.486,25.38
train_0006,1,12,36.6,29.745,26.172,33.124,41.581,48.556,54.902,59.791,61.115,60.427,56.391,,42.204,36.333,31.734,29.071,29.298,32,35.502,,34.96
train_0006,2,12,32.297,27.194,21.169,24.959,34.232,42.454,48.263,52.208,53.875,54.45,52.704,45.892,38.065,31.374,26.313,22.631,21.738,25.008,30.117,32.77,31.913
train_0006,3,12,35.748,28.074,24.217,32.081,42.341,50.203,55.77,59.725,60.856,60.765,58.07,51.406,43.607,37.103,,29.227,28.668,30.996,34.575,36.911,35.694
train_0006,4,12,,28.337,22.264,26.083,36.249,45.256,51.651,55.849,,57.437,55.642,49.3,41.821,34.436,28.578,25.479,,29.22,33.636,35.487,33.881
train_0006,5,12,35.047,29.211,,29.623,39.297,47.576,53.821,58.522,60.577,,59.951,53.51,45.002,36.879,31.192,28.188,27.638,30.249,33.977,37.027,36.319
train_0006,6,12,34.01,28.759,24.515,29.501,37.281,44.311,50.276,54.764,56.186,56.387,54.009,47.293,39.177,32.77,28.529,25.849,26.132,29.118,33.095,35.197,35.762
train_0006,7,12,34.277,27.451,24.347,32.131,41.92,49.556,,59.282,60.745,61.125,58.863,51.685,43.204,36.378,31.946,29.387,28.751,31.133,34.875,37.938,
train_0006,8,12,34.592,26.744,22.305,29.411,38.951,46.688,52.817,57.449,59.291,59.725,57.333,49.767,41.686,35.706,31.367,27.531,24.962,26.69,31.142,35.342,34.131
train_0006,9,12,37.548,30.828,25.69,33.126,43.747,52.03,57.541,60.839,62.033,62.838,59.785,52.389,43.881,36.494,31.285,,29.036,32.786,37.935,39.713,39.332
train_0006,10,12,36.389,30.256,25.557,31.48,40.877,48.97,55.172,59.804,61.812,61.882,59.375,52.461,44.777,38.148,33.241,,28.797,31.107,35.265,38.468,37.316
train_0006,11,12,35.651,29.517,25.241,31.832,40.961,48.534,54.385,58.548,59.991,60.512,57.237,49.618,41.138,34.589,30.319,28.043,28.718,31.835,36.532,38.468,38.013
train_0006,12,12,38.27,31.443,26.859,32.851,41.711,49.492,55.706,60.43,62.568,62.843,61.109,54.923,47.71,40.944,35.38,31.125,28.833,30.445,33.91,38.001,37.682
train_0007,1,8,,23.528,13.622,19.215,42.174,50.878,56.529,57.614,48.648,32.078,45.789,50.988,49.166,45.245,43.814,46.38,51.374,53.525,49.901,47.287,47.372
train_0007,2,8,36.076,28.487,22.665,29.678,40.543,49.126,55.887,61.055,62.871,62.613,55.427,45.516,36.782,31.375,28.682,28.475,31.913,37.206,39.096,37.961,37.975
train_0007,3,8,36.322,30.545,25.716,28.82,38.73,47.025,48.57,52.301,51.519,48.884,43.729,35.508,28.761,22.233,18.818,22.289,28.266,32.217,33.408,32.532,32.07
train_0007,4,8,37.618,31.405,23.199,25.821,37.276,47.837,55.58,60.874,62.574,62.514,56.643,47.298,38.162,32.223,28.667,27.085,29.801,35.919,38.522,37.356,36.934
train_0007,5,8,39.395,34.181,26.608,30.327,40.77,50.359,57.969,62.454,63.396,63.012,55.578,45.854,37.758,32.501,29.364,30.372,34.916,40.493,40.008,40.393,40.602
train_0007,6,8,37.272,31.923,25.639,31.443,43.266,53.28,60.248,64.155,,,57.281,,37.985,32.978,30.73,32.322,36.503,41.451,40.452,40.506,40.623
train_0007,7,8,37.037,35.975,28.012,26.048,36.295,47.021,55.298,61.567,64.215,64.973,60.716,51.728,42.646,35.991,31.41,29.428,,38.216,40.374,39.611,39.43
train_0007,8,8,35.796,32.252,24.137,24.167,34.365,43.877,50.992,56.338,58.025,58.247,52.891,44.534,36.504,30.304,26.396,26.295,30.015,35.295,35.813,35.472,35.033
train_0008,1,8,44.197,37.919,39.244,25.186,36.108,46.804,51.577,51.738,49.902,44.459,35.385,25.466,18.44,16.959,24.294,30.093,32.886,43.311,35.179,38.145,36.349
train_0008,2,8,36.223,34.581,27.18,37.893,42.77,46.286,49.195,52.855,55.476,56.138,55.163,52.409,48.78,44.736,40.777,36.523,31.088,26.375,13.662,17.267,23.711
train_0008,3,8,42.706,38.955,34.711,44.724,49.093,53.145,57.387,61.859,63.864,,61.619,57.968,53.364,49.374,45.625,40.253,33.428,28.967,15.87,28.523,29.943
train_0008,4,8,33.476,37.816,38.904,46.739,49.181,52.385,55.22,56.908,48.574,,52.502,63.581,66.662,64.362,62.732,60.906,55.106,48.738,30.506,39.609,41.872
train_0008,5,8,44.571,38.298,35.617,46.015,51.63,56.544,61.073,65.066,66.053,,63.796,60.893,56.472,52.296,48.694,43.718,36.297,30.517,13.376,28.142,
train_0008,6,8,37.203,35.305,26.291,36.897,41.529,45.434,,53.755,55.844,55.909,55.259,53.346,50.014,45.208,40.857,36.506,30.603,25.771,14.468,16.767,24.495
train_0008,7,8,41.349,32.28,34.199,43.526,48.352,52.499,56.624,60.144,60.996,61.387,60.33,57.34,52.8,48.536,,41.093,34.453,,12.567,25.178,30.169
train_0008,8,8,39.589,33.238,32.23,41.503,46.531,50.837,54.441,57.575,58.614,58.431,56.971,54.57,51.668,48.248,45.046,41.17,35.202,30.13,19.414,22.094,29.594
train_0009,1,12,37.122,35.279,28.447,25.316,29.401,,35.426,38.921,38.406,36.777,35.516,,26.489,23.647,21.553,18.772,13.796,9.841,1,4.658,6.342
train_0009,2,12,34.984,32.651,,36.616,41.782,46.408,49.503,52.5,54.93,56.592,55.88,53.002,48.761,44.209,40.152,35.385,28.832,24.645,8.331,21.005,24.643
train_0009,3,12,39.969,39.366,25.945,36.716,43.517,49.704,54.627,58.756,60.896,61.098,59.565,56.406,52.29,47.967,44.011,38.605,30.759,25.348,9.828,23.848,27.076
train_0009,4,12,40.674,40.649,28.463,39.819,,50.883,54.545,58.05,60.557,61.351,61.239,58.636,54.718,50.373,46.795,42.078,34.7,28.499,16.479,19.507,27.11
train_0009,5,12,39.041,,20.803,20.957,27.231,35.247,39.343,41.662,41.871,39.928,39.602,35.731,30.98,26.892,27.45,25.631,19.958,16.336,4.341,14.034,14.322
train_0009,6,12,36.052,35.194,23.957,34.062,39.287,43.899,47.838,51.747,53.82,54.132,53.193,50.529,46.344,41.662,37.915,33.865,27.843,23.413,7.368,18.902,22.788
train_0009,7,12,38.487,39.293,27.627,36.933,42.153,46.289,,53.43,56.224,,,53.49,50.141,45.989,42.073,38.388,33.004,28.007,12.069,20.619,25.688
train_0009,8,12,43.192,32.218,15.07,34.01,43.876,47.168,49.97,53.508,51.102,43.88,53.575,57.249,56.268,53.536,51.074,47.195,40.567,35.358,18.888,28.955,30.972
train_0009,9,12,36.269,35.693,25.485,36.467,42.201,46.769,50.608,54.531,56.136,55.896,54.871,52.448,48.601,44.672,41.773,,32.078,26.802,10.063,22.001,27.012
train_0009,10,12,36.393,35.258,25.12,36.469,41.985,46.026,48.881,51.796,53.483,54.761,54.253,51.391,46.854,42.892,39.588,34.5,27.63,22.598,12.712,22.964,23.543
train_0009,11,12,36.081,34.869,26.494,37.912,43.151,,50.287,53.655,55.683,56.078,54.797,51.98,48.523,44.523,40.531,35.903,29.144,24.403,9.218,20.351,25.008
train_0009,12,12,38.027,35.081,26.025,37.394,43.119,47.97,52.034,56.106,57.859,57.806,56.12,53.374,49.694,45.895,42.177,36.683,,22.973,5.899,19.909,23.664
train_0010,1,16,34.046,32.799,25.278,36.492,41.457,45.162,48.409,52.168,54.874,55.677,55.683,54.133,51.856,48.137,44.361,40.337,34.444,27.748,22.964,,22.602
train_0010,2,16,40.668,29.959,35.19,42.678,47.764,52.476,56.36,59.753,61.557,62.696,62.99,,58.408,53.989,49.945,46.159,41.385,35.694,31.343,13.874,26.67
train_0010,3,16,37.69,31.12,29.532,39.231,44.613,48.983,52.495,56.141,58.133,58.648,58.657,57.058,54.238,50.148,46.657,43.111,,31.472,26.638,9.596,22.748
train_0010,4,16,36.951,32.133,29.663,40.093,45.461,49.689,52.729,56.724,60.016,61.141,60.508,57.858,54.789,,47.852,44.168,38.829,31.92,26.681,10.375,23.24
train_0010,5,16,38.747,35.488,28.141,39.887,45.291,49.943,54.444,58.714,60.345,60.342,60.053,57.93,54.855,51.237,47.915,43.693,37.137,31.092,22.658,19.485,27.394
train_0010,6,16,38.549,37.217,,38.513,43.742,48.42,52.39,56.388,60.071,,62.048,59.306,55.842,51.219,46.927,43.661,39.492,,,9.699,23.827
train_0010,7,16,34.659,26.607,,16.651,17.905,,22.74,24.485,20.977,18.474,18.227,13.241,10.446,8.573,8.858,9.995,7.975,3.508,1,1,
train_0010,8,16,33.776,25.655,27.416,36.463,,46.864,50.872,54.664,56.612,57.226,57.026,55.393,51.47,46.576,43.393,40.149,34.344,27.974,21.248,12.81,23.693
train_0010,9,16,39.599,37.406,27.65,39.037,44.907,49.719,53.495,,59.502,60.202,60.679,59.391,56.9,52.634,48.364,44.709,40.193,33.987,30.291,12.854,24.378
train_0010,10,16,37.519,28.116,33.442,41.549,46.701,51.044,55.021,59.459,,62.652,62.095,59.556,55.746,51.398,48.228,45.012,39.923,33.5,29.071,12.683,26.663
train_0010,11,16,35.882,25.854,31.113,39.603,42.754,45.662,44.1,47.181,46.836,44.687,46.93,46.147,44.518,40.974,38.33,38.059,34.201,27.63,22.668,7.536,18.845
train_0010,12,16,35.472,33.309,27.289,38.054,42.934,,50.562,54.495,57.312,58.464,58.71,56.551,53.324,49.362,46.177,42.958,38.128,31.946,27.952,12.051,26.025
train_0010,13,16,38.253,35.604,27.653,37.638,,,50.598,54.201,57.413,59.118,59.587,57.415,54.337,50.542,47.235,44.154,39.685,32.897,27.945,10.86,22.136
train_0010,14,16,34.711,25.934,30.507,38.833,43.545,47.37,51.248,,57.722,57.985,57.111,55.284,52.499,48.614,45.128,41.55,36.067,30.2,23.634,13.942,23.282
train_0010,15,16,39.104,30.61,33.563,41.603,46.728,51.568,56.017,60.194,62.264,62.779,62.365,60.593,57.742,53.484,49.481,45.533,39.97,33.3,28.799,13.821,28.133
train_0010,16,16,37.916,31.196,29.523,38.93,43.721,47.798,51.132,54.613,57.143,58.134,58.31,56.759,54.34,50.363,46.385,42.787,38.203,31.843,27.677,10.704,
train_0011,1,12,,30.394,25.368,34.284,41.763,48.869,54.501,57.835,60.263,61.82,,59.408,57.022,52.567,47.648,43.738,37.493,31.93,23.965,,17.541
train_0011,2,12,,28.619,23.767,31.858,39.075,46.311,51.633,53.765,,55.538,54.534,52.8,50.841,47.711,44.459,41.107,34.769,28.874,20.886,10.109,17.406
train_0011,3,12,38.01,32.913,27.246,34.771,41.586,48.624,53.82,56.38,58.095,58.778,56.725,55.826,54.047,50.122,46.028,39.714,33.372,,,13.063,20.404
train_0011,4,12,33.054,28.027,22.744,31.207,38.911,45.758,49.827,51.412,53.086,54.732,53.859,53.08,49.727,44.645,,36.109,30.746,23.392,11.166,12.493,19.511
train_0011,5,12,32.066,,22.571,30.369,37.252,44.085,49.633,52.847,54.201,53.809,51.617,51.054,49.797,46.073,41.67,36.666,31.057,,17.046,8.507,16.744
train_0011,6,12,38.453,32.127,22.669,33.069,39.374,45.252,46.067,48.548,48.046,47.574,47.478,46.648,45.782,41.35,36.632,35.496,,26.522,17.072,6.198,14.559
train_0011,7,12,36.455,29.441,,34.475,41.087,47.37,52.157,54.644,56.466,57.839,56.786,55.061,52.48,48.238,44.32,41.147,35.937,,21.023,10.842,19.895
train_0011,8,12,33.892,,26.194,33.872,40.599,47.028,,54.849,56.821,57.531,55.472,,52.294,,,40.067,33.941,27.849,18.856,9.292,18.292
train_0011,9,12,38.543,33.588,27.561,36.049,43.506,50.943,56.319,59.04,61.199,62.461,,58.923,55.952,,,41.722,35.504,29.402,19.06,16.511,23.423
train_0011,10,12,31.57,26.734,22.201,30.284,37.306,44.17,49.089,51.632,53.119,53.47,51.586,50.929,48.632,44.626,41.604,36.369,31.065,23.924,11.863,12.464,17.791
train_0011,11,12,46.007,48.385,19.446,,44.749,51.31,55.521,55.868,48.259,34.132,53.093,64.783,68.616,65.675,62.963,60.075,55.306,50.431,38.988,26.668,33.228
train_0011,12,12,38.353,30.021,31.233,40.044,48.249,55.387,59.958,62.12,63.161,63.402,61.242,60.331,58.058,53.663,49.846,45.316,39.527,33.523,23.946,14.67,24.126
train_0012,1,8,35.138,28.448,23.455,30.724,40.944,48.679,,57.631,,58.211,52.89,45.181,37.854,32.354,28.643,28.187,31.958,37.507,39.652,38.47,38.468
train_0012,2,8,34.205,25.81,14.963,11.18,15.493,17.542,23.762,25.507,20.872,18.045,14.641,4.312,1,1.069,1.114,1.129,1.627,5.673,10.092,5.82,2.072
train_0012,3,8,35.16,31.062,26.365,30.238,38.791,47.013,53.806,58.384,59.562,59.58,54.924,47.206,39.914,34.579,30.84,28.927,30.896,35.277,39.638,39.546,39.712
train_0012,4,8,33.787,26.776,23.8,32.384,43.043,50.953,55.885,,59.175,,53.097,45.766,39.039,33.585,29.701,28.57,31.476,36.067,39.799,38.9,38.217
train_0012,5,8,33.402,27.559,21.817,,35.824,43.57,49.205,53.369,54.942,55.849,52.699,45.415,36.996,30.694,27.257,26.203,28.716,32.598,36.233,35.43,
train_0012,6,8,37.445,29.657,23.905,29.718,39.836,48.361,54.299,57.828,58.895,59.988,57.089,49.713,41.092,33.966,29.156,27.286,29.843,34.077,,38.046,37.71
train_0012,7,8,24.505,22.375,20.507,23.209,27.856,32.881,38.111,60.717,60.938,61.087,59.842,56.212,,26.324,24.883,26.485,27.678,29.35,30.196,,29.07
train_0012,8,8,37.556,29.474,24.177,30.836,40.693,48.611,,60.325,62.372,62.274,57.161,48.682,40.299,,29.823,27.632,29.404,33.659,38.44,37.995,37.879
train_0013,1,12,40.725,41.562,34.078,36.569,46.177,51.747,56.485,61.287,64.476,65.576,64.782,61.597,56.53,,47.034,40.222,32.478,19.438,23.086,31.529,31.621
train_0013,2,12,36.155,35.735,25.184,31.066,38.419,44.126,48.957,53.944,56.801,57.556,56.292,53.641,49.254,44.302,39.123,32.137,26.259,9.389,20.512,25.625,26.201
train_0013,3,12,38.422,38.217,25.73,36.94,43.683,49.099,53.284,,59.215,60.309,59.626,56.852,52.352,47.675,43.789,38.483,31.116,25.179,12.756,25.116,26.615
train_0013,4,12,42.325,37.132,35.405,46.527,52.071,56.851,61.606,65.368,66.269,66.744,64.397,60.381,55.597,51.672,46.811,39.198,33.514,14.891,27.43,32.921,32.028
train_0013,5,12,39.024,37.649,31.444,42.936,48.299,52.857,57.234,61.271,62.669,62.683,60.053,56.964,52.988,48.722,43.094,34.957,29.485,11.677,26.052,30.48,29.758
train_0013,6,12,36.658,36.036,26.981,30.555,38.716,43.966,48.851,54.039,57.299,58.538,58.008,55.158,50.339,45.67,41.09,33.949,26.558,12.863,18.663,25.511,25.574
train_0013,7,12,36.377,35.746,24.378,36.844,42.613,,50.301,55.215,57.366,57.898,56.389,53.117,48.367,44.676,40.66,,,9.901,21.806,,28.478
train_0013,8,12,37.213,34.685,26.84,38.278,44.076,48.87,53.213,57.258,58.853,59.169,56.924,53.785,49.624,,40.865,33.373,27.49,8.711,23.207,,
train_0013,9,12,39.665,39.055,26.031,37.878,44.622,49.892,53.906,58.281,61.166,62.208,60.101,56.122,51.465,47.469,43.247,36.593,29.494,18.184,19.037,27.915,29.068
train_0013,10,12,37.325,36.896,23.72,34.437,42.137,48.026,52.38,56.584,58.426,58.899,56.689,52.982,48.333,44.173,39.385,31.932,26.187,7.966,22.182,25.821,24.955
train_0013,11,12,35.926,33.988,23.445,34.762,40.165,44.788,49.437,54.443,56.747,57.409,55.454,51.971,47.253,43.108,39.182,33.075,26.61,13.829,16.92,24.045,23.715
train_0013,12,12,,38.025,31.373,43.081,48.927,54.211,58.565,62.059,63.148,63.472,61.131,57.179,51.839,47.421,43.085,36.057,30.311,10.777,25.121,30.224,30.463
train_0014,1,8,30.786,26.936,20.43,34.651,40.833,,47.026,48.738,50.477,51.292,51.111,50.069,46.701,41.994,,25.436,23.422,25.687,30.115,31.401,32.154
train_0014,2,8,27.879,21.317,1.255,12.101,24.748,31.023,33.839,33.958,33.999,33.075,32.228,29.523,25.935,21.895,,15.893,14.641,21.768,28.8,25.541,19.877
train_0014,3,8,36.455,,24.671,35.848,43.399,47.205,50.229,,55.688,57.485,,55.231,52.809,49.077,42.971,34.04,27.675,29.845,33.238,36.082,36.462
train_0014,4,8,,24.365,20.471,35.621,41.345,44.84,47.198,48.682,50.583,52.139,52.363,51.333,47.831,43.789,37.989,28.596,22.429,24.63,29.24,32.65,33.14
train_0014,5,8,34.216,26.634,25.529,38.869,43.253,46.083,48.709,51.36,53.998,54.885,53.969,52.095,48.461,44.003,37.886,29.438,26.509,28.672,32.116,32.976,32.729
train_0014,6,8,38.029,35.969,33.635,39.769,42.124,32.774,26.066,41.238,45.919,46.488,45.433,44.324,42.743,41.077,39.041,36.55,36.199,38.039,39.956,41.236,41.489
train_0014,7,8,31.048,23.648,25.545,39.001,44.408,,51.114,53.12,54.635,55.055,54.924,53.414,49.651,45.475,39.218,29.244,24.2,26.919,32.458,35.128,34.765
train_0014,8,8,27.623,24.747,18.685,31.651,37.844,41.291,43.901,46.299,48.191,48.534,47.949,47.19,44.626,40.383,33.69,25.1,23.095,26.032,30.418,31.132,30.296
train_0015,1,12,34.163,34.357,34.559,24.947,33.21,,43.457,46.947,50.454,52.391,53.214,52.276,49.835,46.107,42.159,38.189,32.501,26.683,15.034,20.224,26.6
train_0015,2,12,39.731,38.62,37.826,26.739,37.994,43.715,47.985,51.549,55.499,57.475,58.007,56.412,53.115,48.26,44.068,40.649,35.319,29.131,17.899,19.948,26.911
train_0015,3,12,42.455,42.574,39.929,31.361,42.247,47.814,52.897,57.27,61.113,62.651,63.22,61.346,58.175,53.407,48.937,44.342,37.67,32.193,15.194,24.919,29.198
train_0015,4,12,35.021,41.226,49.413,35.081,42.61,47.296,51.033,53.456,50.064,31.254,52.681,65.296,69.607,67.036,,62.474,57.072,51.294,31.876,39.622,42.582
train_0015,5,12,37.353,37.688,38.235,27.877,37.776,44.431,48.572,52.287,56.642,59.06,59.576,58.025,54.903,50.254,45.732,41.992,36.653,30.513,19.157,20.501,27.155
train_0015,6,12,,35.924,35.664,24.765,35.009,40.791,45.765,49.205,52.403,54.055,54.196,52,49.209,45.473,41.79,38.106,32.62,26.765,15.816,,26.331
train_0015,7,12,34.322,35.474,36.063,25.039,35.738,40.54,44.28,48.299,52.728,54.669,55.159,52.934,49.097,44.085,40.19,36.461,30.133,24.902,,21.936,24.092
train_0015,8,12,43.354,43.13,,30.546,41.987,49.223,54.679,58.297,61.95,64.582,66.037,64.479,61.053,56.14,51.792,47.324,39.838,32.785,16.862,26.787,33.213
train_0015,9,12,,39.157,38.702,27.253,37.235,44.152,49.486,54.065,58.456,60.704,61.578,60.436,57.207,52.573,48.288,44.272,38.131,31.265,20.554,22.553,30.361
train_0015,10,12,39.342,38.075,,20.534,31.689,39.334,44.585,47.811,50.578,50.798,51.108,48.757,44.976,40.842,,38.473,32.844,27.941,10.895,20.568,22.914
train_0015,11,12,36.658,36.268,36.452,25.665,35.853,41.54,46.828,50.526,53.548,55.015,55.313,53.4,50.069,46.355,43.747,40.537,34.621,,17.346,20.671,27.313
train_0015,12,12,40.03,40.36,40.111,26.99,38.09,44.74,50.056,54.074,57.785,59.554,60.427,59.426,56.907,52.74,47.923,,36.54,30.722,18.672,21.915,29.484
train_0016,1,8,32.906,26.109,26.38,35.208,44.938,52.306,57.463,60.897,62.351,63.019,59.613,52.219,44.384,38.069,33.392,30.031,28.677,31.196,35.616,40.097,39.38
train_0016,2,8,31.501,24.93,28.661,39.118,49.119,56.172,60.563,62.614,63.595,,59.496,51.273,43.124,36.734,32.149,29.437,29.751,33.017,37.953,40.606,38.769
train_0016,3,8,28.506,23.163,21.684,30.188,40.162,47.521,53.287,57.901,59.429,59.241,55.499,48.533,41.168,34.489,28.834,25.029,24.816,28.755,33.87,37.596,36.791
train_0016,4,8,31.416,24.793,23.235,30.494,39.382,47.105,,,57.722,57.581,54.365,47.823,40.624,34.52,30.017,26.854,25.982,,33.625,37.299,36.064
train_0016,5,8,32.584,26.91,23.69,31.861,41.638,47.239,48.475,52.532,51.69,48.853,46.377,39.87,,26.156,20.808,20.994,23.632,25.671,29.515,31.331,28.607
train_0016,6,8,29.6,23.983,28.572,38.586,47.978,55.246,61.033,64.76,65.812,65.298,59.225,51.118,43.394,37.69,33.425,,29.454,32.557,37.42,40.27,39.807
train_0016,7,8,30.668,24.975,28.249,36.721,44.999,51.482,56.356,59.194,60.023,60.125,55.329,47.897,40.221,34.533,31.077,28.779,28.641,31.552,35.784,38.77,38.101
train_0016,8,8,34.05,27.524,25.014,33.873,44.511,52.485,58.636,63.577,65.356,65.28,62.411,55.192,47.224,40.622,35.769,,30.904,33.18,37.187,41.089,39.635
train_0017,1,8,41.586,38.434,30.591,29.03,38.474,48.36,55.895,61.597,63.959,63.914,61.476,53.843,44.919,37.865,33.379,30.75,31.712,34.919,38.665,37.186,36.106
train_0017,2,8,46.08,55.241,54.557,,51.459,44.343,39.831,38.109,36.653,35.122,31.967,27.006,22.387,19.449,18.34,17.642,19.026,21.123,22.597,22.419,21.705
train_0017,3,8,39.867,35.33,25.627,23.388,33.662,41.046,41.543,46.02,44.279,39.895,37.83,31.272,25.755,18.932,14.707,18.177,24.831,27.443,28.963,25.032,22.299
train_0017,4,8,35.319,33.306,25.127,22.132,,,47.357,52.06,53.872,53.428,50.942,43.837,36.171,30.094,26.101,24.047,25.257,28.305,31.615,30.673,31.207
train_0017,5,8,33.29,32.812,25.659,22.091,30.408,40.063,46.914,51.893,54.198,54.094,51.382,,35.79,29.51,25.202,22.988,24.737,28.595,31.696,31.426,32.237
train_0017,6,8,32.736,26.556,20.647,25.252,34.947,43.032,,52.859,53.315,53.013,,41.473,34.032,28.73,25.315,23.54,24.976,,,29.817,30.174
train_0017,7,8,36.528,36.887,29.164,,31.786,41.004,48.001,53.299,56.212,57.181,55.622,48.103,,,27.973,25.347,26.391,29.821,33.344,32.311,32.296
train_0017,8,8,37.669,32.599,,28.184,37.152,45.283,51.31,54.929,55.53,55.828,52.732,45.923,37.834,,27.36,26.361,28.88,32.832,35.347,34.632,34.943
train_0018,1,12,37.201,28.573,,42.196,47.283,51.234,54.75,57.772,60.732,61.77,60.795,59.632,57.064,53.089,46.284,36.019,30.19,32.938,37.669,40.598,40.712
train_0018,2,12,34.506,29.058,26.83,42.072,47.554,51.156,54.343,56.91,59.44,60.803,60.297,59.073,56.047,51.718,,36.604,30.852,32.681,36.52,39.726,40.468
train_0018,3,12,38.365,32.246,29.793,,50.574,53.449,55.696,58.131,61.302,63.275,63.076,61.568,57.927,53.067,46.086,36.456,32.822,35.216,39.069,40.573,41.199
train_0018,4,12,38.382,34.229,28.45,43.344,49.309,53.18,56.78,59.753,62.063,63.07,62.586,,56.78,52.272,46.19,37.011,33.31,36.338,40.99,42.171,41.698
train_0018,5,12,35.255,25.88,,18.423,32.687,41.751,45.674,45.04,43.337,39.896,38.605,36.741,32.998,27.514,24.689,20.745,,33.169,42.74,36.677,29.892
train_0018,6,12,35.889,29.297,27.591,42.906,48.886,52.811,55.666,58.412,61.48,62.571,61.766,60.008,56.446,51.776,44.551,34.652,32.711,35.868,40.244,40.599,39.905
train_0018,7,12,37.664,32.159,26.721,41.103,46.776,50.81,53.788,56.281,59.145,,60.453,58.958,55.043,49.361,41.169,31.505,32.044,35.481,39.868,39.806,38.754
train_0018,8,12,37.657,33.833,25.434,39.785,46.361,50.754,55.149,58.508,61.077,62.64,62.635,60.953,56.483,50.971,43.513,33.28,31.083,34.533,39.49,40.417,40.662
train_0018,9,12,35.859,31.915,24.155,39.757,47.496,51.715,54.7,57.752,61.022,62.154,61.536,60.224,56.549,51.061,42.822,32.038,29.897,32.871,38.076,38.812,38.36
train_0018,10,12,34.466,24.857,21.283,46.015,51.417,54.682,57.507,58.48,56.284,46.356,53.447,60.899,62.165,59.112,53.539,45.253,44.222,44.83,45.498,45.434,44.835
train_0018,11,12,39.465,30.892,31.14,46.039,52.085,56.446,59.326,61.393,63.802,64.992,64.823,62.982,58.502,52.381,43.816,,32.993,36.982,42.035,,
train_0018,12,12,34.902,26.809,33.07,45.879,50.988,,57.679,59.775,61.742,62.231,61.618,59.564,55.952,51.232,43.453,32.86,32.009,35.352,39.827,39.88,39.448
train_0019,1,8,34.795,,20.944,32.081,44.579,53.216,58.397,59.954,54.537,39.019,,46.566,44.429,40.428,38.64,41.901,46.127,48.606,45.271,42.97,42.674
train_0019,2,8,35.243,29.501,,32.965,43.269,51.25,57.024,59.883,60.535,58.277,50.109,41.022,33.944,28.897,26.008,27.838,32.225,35.78,35.484,35.847,35.927
train_0019,3,8,39.835,31.735,27.407,35.814,,54.138,,63.014,63.049,60.478,52.624,44.132,37.367,32.974,30.584,32.042,36.079,,39.717,39.222,38.18
train_0019,4,8,44.493,35.136,28.639,36.029,47.136,56.345,63.296,67.141,67.594,,58.272,48.491,40.212,34.609,31.543,32.302,35.969,,41.129,40.979,41.379
train_0019,5,8,34.033,29.612,24.008,,,46.83,53.406,57.923,58.625,57.801,51.537,42.905,35.036,29.584,26.277,26.158,29.411,33.856,35.063,34.356,33.775
train_0019,6,8,37.17,31.47,24.623,28.7,38.393,46.488,52.784,,58.789,58.854,52.309,43.166,35.173,29.888,27.119,27.342,30.322,34.459,34.546,,33.201
train_0019,7,8,38.236,30.249,29.393,39.816,50.139,57.57,62.942,65.144,65.268,62.624,54.24,44.489,,31.907,29.989,31.9,35.923,,40.221,39.097,38.235
train_0019,8,8,37.546,30.875,29.307,31.878,41.77,49.291,50.269,54.33,52.529,47.74,40.81,32.131,25.706,,16.84,,,32.249,32.235,30.479,29.511
train_0020,1,12,39.835,36.376,27.374,32.77,,50.772,57.616,,62.939,64.355,62.695,61.647,58.375,53.697,49.383,41.529,,23.493,15.328,25.042,25.252
train_0020,2,12,38.368,34.801,25.864,33.528,42.689,50.849,57.168,60.816,63.345,64.576,62.56,61.533,58.689,53.886,50.098,43.039,37.17,27.492,13.087,23.579,23.833
train_0020,3,12,,32.662,24.692,33.434,41.971,49.855,54.669,56.578,58.17,59.091,58.487,57.805,54.004,49.362,43.266,36.448,28.183,14.046,18.635,23.224,23.41
train_0020,4,12,40.874,,30.41,39.61,47.523,55.251,,63.274,,65.632,64.736,64.175,60.238,54.925,49.023,42.28,35.553,22.716,19.649,27.236,26.57
train_0020,5,12,37.498,34.309,33.076,45.01,46.585,52.155,,60.925,59.307,48.983,55.452,63.871,65.04,62.665,60.16,,48.143,34.755,29.649,36.221,35.83
train_0020,6,12,42.7,37.725,27.803,35.741,44.703,53.272,59.704,63.061,64.844,65.035,63.206,63.008,60.065,55.154,49.177,41.614,33.728,19.546,19.5,27.061,27.842
train_0020,7,12,42.851,37.652,28.833,,46.684,55.191,,65.492,67.84,67.957,65.829,64.716,,56.445,50.284,42.71,34.466,19.542,20.093,27.744,28.172
train_0020,8,12,39.016,35.556,27.158,34.507,42.196,50.17,,59.14,61.267,61.563,59.551,57.362,52.538,48.327,43.939,38.094,30.594,17.333,20.66,25.098,24.576
train_0020,9,12,38.36,35.004,33.238,44.369,45.583,50.937,55.653,58.643,57.331,47.191,54.085,63.91,66.18,63.585,60.239,54.296,48.041,,30.919,37.083,34.76
train_0020,10,12,,34.352,,35.812,43.854,,58.023,61.645,64.254,64.697,62.414,61.407,58.081,53.056,48.1,40.975,34.374,23.141,15.673,25.632,26.497
train_0020,11,12,42.749,35.239,29.897,39.949,49.671,58.464,63.577,66.108,68.024,68.027,66.174,64.114,59.344,54.453,48.491,41.733,34.059,19.433,,27.322,
train_0020,12,12,44.27,39.704,30.812,39.964,48.737,57.272,63.564,66.771,68.93,69.954,68.07,66.658,62.467,57.265,52.316,45.557,38.65,25.003,20.736,28.964,28.194